from,to,volume
AL,AL,-1
AL,AK,518
AL,AZ,2801
AL,AR,438
AL,CA,4591
AL,CO,3597
AL,CT,1054
AL,DE,39
AL,DC,174
AL,FL,12870
AL,GA,15589
AL,HI,484
AL,ID,84
AL,IL,1280
AL,IN,966
AL,IA,148
AL,KS,476
AL,KY,2055
AL,LA,1462
AL,ME,0
AL,MD,647
AL,MA,483
AL,MI,537
AL,MN,976
AL,MS,8401
AL,MO,2378
AL,MT,540
AL,NE,268
AL,NV,397
AL,NH,158
AL,NJ,147
AL,NM,1099
AL,NY,1395
AL,NC,3287
AL,ND,4
AL,OH,1744
AL,OK,541
AL,OR,315
AL,PA,1202
AL,RI,183
AL,SC,4636
AL,SD,84
AL,TN,8547
AL,TX,5945
AL,UT,315
AL,VT,124
AL,VA,3426
AL,WA,495
AL,WV,83
AL,WI,572
AL,WY,639
AK,AL,419
AK,AK,-1
AK,AZ,2743
AK,AR,413
AK,CA,2155
AK,CO,2102
AK,CT,8
AK,DE,0
AK,DC,0
AK,FL,1388
AK,GA,917
AK,HI,1509
AK,ID,1179
AK,IL,1400
AK,IN,138
AK,IA,66
AK,KS,378
AK,KY,115
AK,LA,515
AK,ME,47
AK,MD,485
AK,MA,241
AK,MI,1025
AK,MN,363
AK,MS,191
AK,MO,882
AK,MT,986
AK,NE,34
AK,NV,458
AK,NH,45
AK,NJ,67
AK,NM,197
AK,NY,415
AK,NC,1562
AK,ND,112
AK,OH,1200
AK,OK,661
AK,OR,4317
AK,PA,553
AK,RI,0
AK,SC,715
AK,SD,0
AK,TN,1137
AK,TX,2375
AK,UT,494
AK,VT,0
AK,VA,1235
AK,WA,3520
AK,WV,0
AK,WI,484
AK,WY,0
AZ,AL,1915
AZ,AK,910
AZ,AZ,-1
AZ,AR,602
AZ,CA,33670
AZ,CO,7987
AZ,CT,1204
AZ,DE,115
AZ,DC,204
AZ,FL,4542
AZ,GA,2255
AZ,HI,2167
AZ,ID,3852
AZ,IL,5818
AZ,IN,3009
AZ,IA,2021
AZ,KS,1801
AZ,KY,1480
AZ,LA,276
AZ,ME,765
AZ,MD,2240
AZ,MA,1554
AZ,MI,4028
AZ,MN,2176
AZ,MS,674
AZ,MO,2009
AZ,MT,1787
AZ,NE,1351
AZ,NV,6999
AZ,NH,704
AZ,NJ,1626
AZ,NM,3284
AZ,NY,3541
AZ,NC,2622
AZ,ND,530
AZ,OH,2432
AZ,OK,3631
AZ,OR,7736
AZ,PA,3269
AZ,RI,50
AZ,SC,1460
AZ,SD,241
AZ,TN,2886
AZ,TX,18628
AZ,UT,6827
AZ,VT,205
AZ,VA,4162
AZ,WA,14252
AZ,WV,272
AZ,WI,2883
AZ,WY,934
AR,AL,1051
AR,AK,722
AR,AZ,1487
AR,AR,-1
AR,CA,2573
AR,CO,1442
AR,CT,51
AR,DE,0
AR,DC,0
AR,FL,3239
AR,GA,1900
AR,HI,0
AR,ID,496
AR,IL,1188
AR,IN,1271
AR,IA,410
AR,KS,1507
AR,KY,397
AR,LA,1653
AR,ME,0
AR,MD,785
AR,MA,222
AR,MI,755
AR,MN,621
AR,MS,696
AR,MO,8166
AR,MT,19
AR,NE,236
AR,NV,49
AR,NH,569
AR,NJ,0
AR,NM,352
AR,NY,52
AR,NC,1897
AR,ND,464
AR,OH,583
AR,OK,8526
AR,OR,436
AR,PA,1486
AR,RI,0
AR,SC,1382
AR,SD,0
AR,TN,4841
AR,TX,14377
AR,UT,896
AR,VT,0
AR,VA,1002
AR,WA,953
AR,WV,288
AR,WI,292
AR,WY,392
CA,AL,2659
CA,AK,3455
CA,AZ,68516
CA,AR,3728
CA,CA,-1
CA,CO,28288
CA,CT,3870
CA,DE,551
CA,DC,3803
CA,FL,26888
CA,GA,16745
CA,HI,10456
CA,ID,21018
CA,IL,16518
CA,IN,6811
CA,IA,4408
CA,KS,5660
CA,KY,2052
CA,LA,5743
CA,ME,850
CA,MD,7924
CA,MA,13901
CA,MI,11239
CA,MN,4915
CA,MS,2066
CA,MO,8156
CA,MT,4991
CA,NE,4148
CA,NV,50707
CA,NH,1263
CA,NJ,9613
CA,NM,7524
CA,NY,25255
CA,NC,17536
CA,ND,1040
CA,OH,8799
CA,OK,8330
CA,OR,43058
CA,PA,11568
CA,RI,2219
CA,SC,12103
CA,SD,2073
CA,TN,9682
CA,TX,86164
CA,UT,18025
CA,VT,1380
CA,VA,21210
CA,WA,55467
CA,WV,524
CA,WI,6642
CA,WY,1604
CO,AL,1672
CO,AK,1847
CO,AZ,11517
CO,AR,3255
CO,CA,18755
CO,CO,-1
CO,CT,1105
CO,DE,0
CO,DC,336
CO,FL,15746
CO,GA,3497
CO,HI,3164
CO,ID,1505
CO,IL,3208
CO,IN,4695
CO,IA,4856
CO,KS,3808
CO,KY,1643
CO,LA,2397
CO,ME,840
CO,MD,1168
CO,MA,1174
CO,MI,3337
CO,MN,2605
CO,MS,284
CO,MO,8782
CO,MT,2921
CO,NE,4835
CO,NV,3724
CO,NH,385
CO,NJ,1505
CO,NM,4877
CO,NY,4553
CO,NC,5471
CO,ND,522
CO,OH,2216
CO,OK,4039
CO,OR,3292
CO,PA,4822
CO,RI,504
CO,SC,1622
CO,SD,797
CO,TN,5410
CO,TX,21509
CO,UT,4181
CO,VT,649
CO,VA,4557
CO,WA,10122
CO,WV,798
CO,WI,3321
CO,WY,5632
CT,AL,747
CT,AK,0
CT,AZ,503
CT,AR,159
CT,CA,6366
CT,CO,1498
CT,CT,-1
CT,DE,487
CT,DC,262
CT,FL,18291
CT,GA,5574
CT,HI,114
CT,ID,1905
CT,IL,1911
CT,IN,722
CT,IA,23
CT,KS,322
CT,KY,327
CT,LA,584
CT,ME,1734
CT,MD,1890
CT,MA,14224
CT,MI,1388
CT,MN,342
CT,MS,0
CT,MO,361
CT,MT,323
CT,NE,348
CT,NV,198
CT,NH,1298
CT,NJ,2187
CT,NM,55
CT,NY,14420
CT,NC,2702
CT,ND,0
CT,OH,2510
CT,OK,0
CT,OR,157
CT,PA,3891
CT,RI,4791
CT,SC,6800
CT,SD,0
CT,TN,1784
CT,TX,3762
CT,UT,720
CT,VT,2251
CT,VA,3254
CT,WA,1785
CT,WV,639
CT,WI,614
CT,WY,12
DE,AL,826
DE,AK,0
DE,AZ,49
DE,AR,126
DE,CA,1143
DE,CO,190
DE,CT,1015
DE,DE,-1
DE,DC,182
DE,FL,4124
DE,GA,520
DE,HI,52
DE,ID,0
DE,IL,9
DE,IN,868
DE,IA,0
DE,KS,0
DE,KY,389
DE,LA,53
DE,ME,29
DE,MD,5811
DE,MA,887
DE,MI,86
DE,MN,0
DE,MS,0
DE,MO,235
DE,MT,0
DE,NE,0
DE,NV,98
DE,NH,238
DE,NJ,1720
DE,NM,0
DE,NY,1328
DE,NC,1988
DE,ND,0
DE,OH,996
DE,OK,0
DE,OR,0
DE,PA,5999
DE,RI,0
DE,SC,978
DE,SD,0
DE,TN,53
DE,TX,1275
DE,UT,61
DE,VT,0
DE,VA,1306
DE,WA,131
DE,WV,419
DE,WI,211
DE,WY,0
DC,AL,0
DC,AK,74
DC,AZ,26
DC,AR,0
DC,CA,5063
DC,CO,1119
DC,CT,506
DC,DE,136
DC,DC,-1
DC,FL,983
DC,GA,571
DC,HI,768
DC,ID,0
DC,IL,1020
DC,IN,32
DC,IA,382
DC,KS,350
DC,KY,175
DC,LA,196
DC,ME,235
DC,MD,21093
DC,MA,1557
DC,MI,256
DC,MN,141
DC,MS,99
DC,MO,461
DC,MT,0
DC,NE,100
DC,NV,43
DC,NH,95
DC,NJ,1187
DC,NM,30
DC,NY,2802
DC,NC,2031
DC,ND,53
DC,OH,789
DC,OK,0
DC,OR,226
DC,PA,1336
DC,RI,45
DC,SC,743
DC,SD,0
DC,TN,203
DC,TX,1059
DC,UT,149
DC,VT,134
DC,VA,11821
DC,WA,1837
DC,WV,328
DC,WI,109
DC,WY,0
FL,AL,14298
FL,AK,1172
FL,AZ,6701
FL,AR,3966
FL,CA,22464
FL,CO,14017
FL,CT,4563
FL,DE,1122
FL,DC,1789
FL,FL,-1
FL,GA,51020
FL,HI,3085
FL,ID,1406
FL,IL,13561
FL,IN,8650
FL,IA,1931
FL,KS,3991
FL,KY,7426
FL,LA,2878
FL,ME,2082
FL,MD,11989
FL,MA,9455
FL,MI,12601
FL,MN,5720
FL,MS,3369
FL,MO,7112
FL,MT,1263
FL,NE,1111
FL,NV,4018
FL,NH,3806
FL,NJ,13591
FL,NM,2196
FL,NY,24084
FL,NC,37585
FL,ND,1355
FL,OH,15037
FL,OK,5489
FL,OR,3824
FL,PA,17029
FL,RI,657
FL,SC,15772
FL,SD,2128
FL,TN,26724
FL,TX,37262
FL,UT,2743
FL,VT,2105
FL,VA,20272
FL,WA,8084
FL,WV,1722
FL,WI,5593
FL,WY,1159
GA,AL,18433
GA,AK,565
GA,AZ,3149
GA,AR,929
GA,CA,11753
GA,CO,8239
GA,CT,2606
GA,DE,118
GA,DC,647
GA,FL,35350
GA,GA,-1
GA,HI,2192
GA,ID,436
GA,IL,4106
GA,IN,4525
GA,IA,140
GA,KS,1072
GA,KY,3638
GA,LA,5901
GA,ME,235
GA,MD,3676
GA,MA,2988
GA,MI,1477
GA,MN,727
GA,MS,3358
GA,MO,1919
GA,MT,892
GA,NE,982
GA,NV,1511
GA,NH,533
GA,NJ,1817
GA,NM,232
GA,NY,7994
GA,NC,17020
GA,ND,1194
GA,OH,5178
GA,OK,1590
GA,OR,1203
GA,PA,4255
GA,RI,739
GA,SC,16110
GA,SD,968
GA,TN,17439
GA,TX,14235
GA,UT,2665
GA,VT,170
GA,VA,7894
GA,WA,5899
GA,WV,582
GA,WI,2016
GA,WY,40
HI,AL,627
HI,AK,1029
HI,AZ,591
HI,AR,468
HI,CA,12848
HI,CO,3356
HI,CT,472
HI,DE,0
HI,DC,124
HI,FL,3008
HI,GA,2335
HI,HI,-1
HI,ID,0
HI,IL,459
HI,IN,47
HI,IA,689
HI,KS,564
HI,KY,402
HI,LA,1117
HI,ME,55
HI,MD,892
HI,MA,257
HI,MI,496
HI,MN,241
HI,MS,489
HI,MO,322
HI,MT,225
HI,NE,420
HI,NV,4959
HI,NH,151
HI,NJ,305
HI,NM,313
HI,NY,1181
HI,NC,3402
HI,ND,204
HI,OH,735
HI,OK,931
HI,OR,2729
HI,PA,783
HI,RI,0
HI,SC,857
HI,SD,0
HI,TN,1515
HI,TX,7986
HI,UT,2533
HI,VT,98
HI,VA,3116
HI,WA,3416
HI,WV,42
HI,WI,449
HI,WY,55
ID,AL,627
ID,AK,1029
ID,AZ,591
ID,AR,468
ID,CA,12848
ID,CO,3356
ID,CT,472
ID,DE,0
ID,DC,124
ID,FL,3008
ID,GA,2335
ID,HI,-1
ID,ID,0
ID,IL,459
ID,IN,47
ID,IA,689
ID,KS,564
ID,KY,402
ID,LA,1117
ID,ME,55
ID,MD,892
ID,MA,257
ID,MI,496
ID,MN,241
ID,MS,489
ID,MO,322
ID,MT,225
ID,NE,420
ID,NV,4959
ID,NH,151
ID,NJ,305
ID,NM,313
ID,NY,1181
ID,NC,3402
ID,ND,204
ID,OH,735
ID,OK,931
ID,OR,2729
ID,PA,783
ID,RI,0
ID,SC,857
ID,SD,0
ID,TN,1515
ID,TX,7986
ID,UT,2533
ID,VT,98
ID,VA,3116
ID,WA,3416
ID,WV,42
ID,WI,449
ID,WY,55
IL,AL,3310
IL,AK,1024
IL,AZ,13247
IL,AR,3359
IL,CA,22165
IL,CO,7783
IL,CT,1513
IL,DE,191
IL,DC,1066
IL,FL,27622
IL,GA,6146
IL,HI,583
IL,ID,120
IL,IL,-1
IL,IN,31556
IL,IA,15699
IL,KS,2839
IL,KY,5108
IL,LA,2205
IL,ME,180
IL,MD,1827
IL,MA,3415
IL,MI,10193
IL,MN,8454
IL,MS,3245
IL,MO,20041
IL,MT,549
IL,NE,1696
IL,NV,2938
IL,NH,0
IL,NJ,972
IL,NM,482
IL,NY,5977
IL,NC,6544
IL,ND,467
IL,OH,9797
IL,OK,3201
IL,OR,2022
IL,PA,3659
IL,RI,293
IL,SC,3454
IL,SD,841
IL,TN,9857
IL,TX,19241
IL,UT,1737
IL,VT,75
IL,VA,7025
IL,WA,5382
IL,WV,564
IL,WI,25155
IL,WY,214
IN,AL,1874
IN,AK,165
IN,AZ,2555
IN,AR,1241
IN,CA,6313
IN,CO,2945
IN,CT,237
IN,DE,50
IN,DC,146
IN,FL,11784
IN,GA,4151
IN,HI,306
IN,ID,521
IN,IL,16223
IN,IN,-1
IN,IA,1251
IN,KS,731
IN,KY,11241
IN,LA,458
IN,ME,204
IN,MD,1048
IN,MA,819
IN,MI,12702
IN,MN,1388
IN,MS,2858
IN,MO,3462
IN,MT,391
IN,NE,669
IN,NV,850
IN,NH,327
IN,NJ,312
IN,NM,0
IN,NY,2007
IN,NC,3506
IN,ND,113
IN,OH,14252
IN,OK,813
IN,OR,854
IN,PA,2045
IN,RI,0
IN,SC,3095
IN,SD,144
IN,TN,4928
IN,TX,9704
IN,UT,355
IN,VT,31
IN,VA,2259
IN,WA,1118
IN,WV,1227
IN,WI,2663
IN,WY,227
IA,AL,704
IA,AK,26
IA,AZ,3049
IA,AR,119
IA,CA,2461
IA,CO,2385
IA,CT,86
IA,DE,205
IA,DC,162
IA,FL,3538
IA,GA,1995
IA,HI,586
IA,ID,178
IA,IL,7727
IA,IN,311
IA,IA,-1
IA,KS,3704
IA,KY,265
IA,LA,100
IA,ME,0
IA,MD,322
IA,MA,79
IA,MI,506
IA,MN,4626
IA,MS,70
IA,MO,4904
IA,MT,142
IA,NE,6072
IA,NV,508
IA,NH,14
IA,NJ,163
IA,NM,434
IA,NY,2352
IA,NC,1976
IA,ND,166
IA,OH,2395
IA,OK,603
IA,OR,139
IA,PA,365
IA,RI,0
IA,SC,1036
IA,SD,3275
IA,TN,588
IA,TX,6379
IA,UT,754
IA,VT,53
IA,VA,1388
IA,WA,647
IA,WV,0
IA,WI,3072
IA,WY,30
KS,AL,357
KS,AK,800
KS,AZ,3802
KS,AR,1072
KS,CA,4826
KS,CO,5071
KS,CT,79
KS,DE,747
KS,DC,0
KS,FL,2970
KS,GA,1110
KS,HI,1385
KS,ID,571
KS,IL,2047
KS,IN,918
KS,IA,2274
KS,KS,-1
KS,KY,3016
KS,LA,1056
KS,ME,67
KS,MD,573
KS,MA,747
KS,MI,1825
KS,MN,936
KS,MS,583
KS,MO,21037
KS,MT,1031
KS,NE,4355
KS,NV,412
KS,NH,41
KS,NJ,248
KS,NM,378
KS,NY,1262
KS,NC,1815
KS,ND,306
KS,OH,803
KS,OK,5393
KS,OR,899
KS,PA,1065
KS,RI,0
KS,SC,1091
KS,SD,906
KS,TN,796
KS,TX,12049
KS,UT,964
KS,VT,0
KS,VA,1875
KS,WA,1318
KS,WV,113
KS,WI,1186
KS,WY,675
KY,AL,4216
KY,AK,162
KY,AZ,1265
KY,AR,831
KY,CA,2010
KY,CO,2754
KY,CT,233
KY,DE,94
KY,DC,110
KY,FL,11330
KY,GA,2027
KY,HI,170
KY,ID,40
KY,IL,3289
KY,IN,9224
KY,IA,393
KY,KS,739
KY,KY,-1
KY,LA,3041
KY,ME,512
KY,MD,745
KY,MA,399
KY,MI,2221
KY,MN,443
KY,MS,251
KY,MO,2042
KY,MT,26
KY,NE,607
KY,NV,846
KY,NH,270
KY,NJ,112
KY,NM,129
KY,NY,986
KY,NC,3906
KY,ND,0
KY,OH,16598
KY,OK,214
KY,OR,942
KY,PA,921
KY,RI,86
KY,SC,1408
KY,SD,57
KY,TN,13720
KY,TX,3841
KY,UT,368
KY,VT,740
KY,VA,2431
KY,WA,475
KY,WV,1061
KY,WI,1661
KY,WY,568
LA,AL,2837
LA,AK,83
LA,AZ,1416
LA,AR,2311
LA,CA,4441
LA,CO,1216
LA,CT,597
LA,DE,468
LA,DC,0
LA,FL,4389
LA,GA,3082
LA,HI,320
LA,ID,264
LA,IL,2373
LA,IN,747
LA,IA,360
LA,KS,1097
LA,KY,722
LA,LA,-1
LA,ME,38
LA,MD,1281
LA,MA,633
LA,MI,1254
LA,MN,382
LA,MS,12049
LA,MO,2063
LA,MT,106
LA,NE,199
LA,NV,657
LA,NH,0
LA,NJ,353
LA,NM,524
LA,NY,2069
LA,NC,2454
LA,ND,778
LA,OH,1463
LA,OK,2107
LA,OR,238
LA,PA,986
LA,RI,0
LA,SC,1913
LA,SD,408
LA,TN,2226
LA,TX,29108
LA,UT,241
LA,VT,24
LA,VA,2609
LA,WA,1278
LA,WV,572
LA,WI,518
LA,WY,72
ME,AL,0
ME,AK,16
ME,AZ,353
ME,AR,27
ME,CA,1294
ME,CO,912
ME,CT,1342
ME,DE,101
ME,DC,61
ME,FL,2783
ME,GA,89
ME,HI,124
ME,ID,0
ME,IL,0
ME,IN,128
ME,IA,101
ME,KS,0
ME,KY,118
ME,LA,35
ME,ME,-1
ME,MD,990
ME,MA,3188
ME,MI,410
ME,MN,249
ME,MS,52
ME,MO,182
ME,MT,54
ME,NE,7
ME,NV,0
ME,NH,4016
ME,NJ,101
ME,NM,257
ME,NY,731
ME,NC,1235
ME,ND,0
ME,OH,761
ME,OK,0
ME,OR,406
ME,PA,916
ME,RI,606
ME,SC,192
ME,SD,0
ME,TN,576
ME,TX,815
ME,UT,98
ME,VT,455
ME,VA,535
ME,WA,421
ME,WV,74
ME,WI,186
ME,WY,15
MD,AL,493
MD,AK,548
MD,AZ,2955
MD,AR,470
MD,CA,11042
MD,CO,3454
MD,CT,1182
MD,DE,5639
MD,DC,12735
MD,FL,15173
MD,GA,5797
MD,HI,574
MD,ID,75
MD,IL,3011
MD,IN,1192
MD,IA,0
MD,KS,871
MD,KY,1689
MD,LA,516
MD,ME,377
MD,MD,-1
MD,MA,3439
MD,MI,1174
MD,MN,1330
MD,MS,391
MD,MO,682
MD,MT,0
MD,NE,579
MD,NV,474
MD,NH,423
MD,NJ,2788
MD,NM,162
MD,NY,7775
MD,NC,8717
MD,ND,281
MD,OH,2272
MD,OK,871
MD,OR,327
MD,PA,20660
MD,RI,521
MD,SC,7826
MD,SD,144
MD,TN,1470
MD,TX,13777
MD,UT,743
MD,VT,357
MD,VA,28366
MD,WA,4526
MD,WV,3876
MD,WI,579
MD,WY,0
MA,AL,445
MA,AK,170
MA,AZ,1299
MA,AR,139
MA,CA,17529
MA,CO,3949
MA,CT,7630
MA,DE,481
MA,DC,1664
MA,FL,20314
MA,GA,2577
MA,HI,656
MA,ID,0
MA,IL,3956
MA,IN,1010
MA,IA,514
MA,KS,1424
MA,KY,239
MA,LA,630
MA,ME,5775
MA,MD,1753
MA,MA,-1
MA,MI,3536
MA,MN,819
MA,MS,346
MA,MO,497
MA,MT,413
MA,NE,512
MA,NV,1992
MA,NH,20416
MA,NJ,4754
MA,NM,449
MA,NY,13568
MA,NC,5822
MA,ND,0
MA,OH,3415
MA,OK,701
MA,OR,1425
MA,PA,5651
MA,RI,11413
MA,SC,4451
MA,SD,0
MA,TN,3592
MA,TX,5528
MA,UT,1909
MA,VT,3819
MA,VA,5622
MA,WA,4418
MA,WV,384
MA,WI,1160
MA,WY,251
MI,AL,2231
MI,AK,791
MI,AZ,4477
MI,AR,584
MI,CA,10335
MI,CO,4253
MI,CT,819
MI,DE,153
MI,DC,486
MI,FL,20852
MI,GA,5592
MI,HI,115
MI,ID,212
MI,IL,9210
MI,IN,7972
MI,IA,1504
MI,KS,825
MI,KY,2912
MI,LA,1637
MI,ME,1320
MI,MD,1635
MI,MA,2118
MI,MI,-1
MI,MN,2043
MI,MS,675
MI,MO,2369
MI,MT,142
MI,NE,665
MI,NV,1157
MI,NH,1002
MI,NJ,960
MI,NM,851
MI,NY,3743
MI,NC,5793
MI,ND,411
MI,OH,15409
MI,OK,1395
MI,OR,2412
MI,PA,3138
MI,RI,151
MI,SC,2721
MI,SD,150
MI,TN,4814
MI,TX,8070
MI,UT,1477
MI,VT,107
MI,VA,3135
MI,WA,3607
MI,WV,321
MI,WI,4737
MI,WY,1117
MN,AL,915
MN,AK,586
MN,AZ,6206
MN,AR,196
MN,CA,6221
MN,CO,5208
MN,CT,106
MN,DE,0
MN,DC,143
MN,FL,6820
MN,GA,1042
MN,HI,363
MN,ID,631
MN,IL,4498
MN,IN,1345
MN,IA,6286
MN,KS,835
MN,KY,434
MN,LA,274
MN,ME,75
MN,MD,284
MN,MA,1578
MN,MI,1195
MN,MN,-1
MN,MS,28
MN,MO,2160
MN,MT,2505
MN,NE,2242
MN,NV,1070
MN,NH,52
MN,NJ,353
MN,NM,641
MN,NY,1286
MN,NC,3342
MN,ND,10670
MN,OH,1405
MN,OK,1167
MN,OR,1693
MN,PA,2019
MN,RI,0
MN,SC,366
MN,SD,3822
MN,TN,375
MN,TX,7291
MN,UT,531
MN,VT,461
MN,VA,1616
MN,WA,2131
MN,WV,70
MN,WI,19632
MN,WY,59
MS,AL,7653
MS,AK,330
MS,AZ,1780
MS,AR,2568
MS,CA,2393
MS,CO,597
MS,CT,0
MS,DE,148
MS,DC,146
MS,FL,2984
MS,GA,2967
MS,HI,219
MS,ID,209
MS,IL,2169
MS,IN,1134
MS,IA,379
MS,KS,176
MS,KY,407
MS,LA,7505
MS,ME,214
MS,MD,888
MS,MA,78
MS,MI,1124
MS,MN,415
MS,MS,-1
MS,MO,2814
MS,MT,0
MS,NE,353
MS,NV,459
MS,NH,0
MS,NJ,239
MS,NM,1010
MS,NY,447
MS,NC,3441
MS,ND,275
MS,OH,2527
MS,OK,446
MS,OR,1070
MS,PA,1287
MS,RI,0
MS,SC,895
MS,SD,231
MS,TN,11641
MS,TX,8663
MS,UT,216
MS,VT,0
MS,VA,2832
MS,WA,614
MS,WV,0
MS,WI,559
MS,WY,65
MO,AL,1851
MO,AK,938
MO,AZ,4476
MO,AR,9400
MO,CA,7981
MO,CO,6803
MO,CT,69
MO,DE,0
MO,DC,201
MO,FL,9774
MO,GA,2889
MO,HI,1129
MO,ID,359
MO,IL,15055
MO,IN,4404
MO,IA,4338
MO,KS,27726
MO,KY,2910
MO,LA,679
MO,ME,349
MO,MD,1253
MO,MA,1227
MO,MI,1926
MO,MN,2483
MO,MS,1991
MO,MO,-1
MO,MT,187
MO,NE,2835
MO,NV,1130
MO,NH,359
MO,NJ,336
MO,NM,675
MO,NY,2335
MO,NC,2993
MO,ND,540
MO,OH,3410
MO,OK,5861
MO,OR,681
MO,PA,979
MO,RI,287
MO,SC,2960
MO,SD,191
MO,TN,5139
MO,TX,21257
MO,UT,977
MO,VT,126
MO,VA,4988
MO,WA,2837
MO,WV,71
MO,WI,2670
MO,WY,914
MT,AL,76
MT,AK,534
MT,AZ,1419
MT,AR,76
MT,CA,2481
MT,CO,3731
MT,CT,35
MT,DE,0
MT,DC,92
MT,FL,1007
MT,GA,1018
MT,HI,165
MT,ID,2880
MT,IL,317
MT,IN,248
MT,IA,499
MT,KS,411
MT,KY,109
MT,LA,222
MT,ME,246
MT,MD,223
MT,MA,216
MT,MI,527
MT,MN,812
MT,MS,432
MT,MO,499
MT,MT,-1
MT,NE,108
MT,NV,515
MT,NH,0
MT,NJ,0
MT,NM,303
MT,NY,372
MT,NC,331
MT,ND,2167
MT,OH,677
MT,OK,46
MT,OR,1515
MT,PA,328
MT,RI,0
MT,SC,553
MT,SD,428
MT,TN,122
MT,TX,1626
MT,UT,1548
MT,VT,0
MT,VA,0
MT,WA,4467
MT,WV,0
MT,WI,410
MT,WY,1501
NE,AL,756
NE,AK,413
NE,AZ,1663
NE,AR,76
NE,CA,3619
NE,CO,6025
NE,CT,0
NE,DE,86
NE,DC,0
NE,FL,3893
NE,GA,2097
NE,HI,481
NE,ID,146
NE,IL,881
NE,IN,286
NE,IA,8119
NE,KS,2042
NE,KY,90
NE,LA,44
NE,ME,0
NE,MD,576
NE,MA,194
NE,MI,1147
NE,MN,1830
NE,MS,59
NE,MO,2071
NE,MT,93
NE,NE,-1
NE,NV,671
NE,NH,0
NE,NJ,167
NE,NM,344
NE,NY,866
NE,NC,1052
NE,ND,13
NE,OH,1796
NE,OK,965
NE,OR,96
NE,PA,328
NE,RI,37
NE,SC,541
NE,SD,3735
NE,TN,913
NE,TX,2959
NE,UT,377
NE,VT,27
NE,VA,407
NE,WA,1354
NE,WV,0
NE,WI,345
NE,WY,782
NV,AL,97
NV,AK,2013
NV,AZ,8057
NV,AR,84
NV,CA,22433
NV,CO,3455
NV,CT,149
NV,DE,0
NV,DC,36
NV,FL,3772
NV,GA,674
NV,HI,502
NV,ID,3736
NV,IL,1555
NV,IN,1470
NV,IA,817
NV,KS,636
NV,KY,270
NV,LA,2065
NV,ME,23
NV,MD,120
NV,MA,321
NV,MI,1684
NV,MN,848
NV,MS,1023
NV,MO,1481
NV,MT,251
NV,NE,567
NV,NV,-1
NV,NH,453
NV,NJ,204
NV,NM,868
NV,NY,1853
NV,NC,857
NV,ND,14
NV,OH,1460
NV,OK,1106
NV,OR,5375
NV,PA,409
NV,RI,42
NV,SC,375
NV,SD,56
NV,TN,789
NV,TX,6215
NV,UT,4383
NV,VT,110
NV,VA,1198
NV,WA,4222
NV,WV,27
NV,WI,1350
NV,WY,286
NH,AL,0
NH,AK,0
NH,AZ,1500
NH,AR,156
NH,CA,682
NH,CO,183
NH,CT,939
NH,DE,157
NH,DC,130
NH,FL,5137
NH,GA,103
NH,HI,0
NH,ID,0
NH,IL,42
NH,IN,348
NH,IA,0
NH,KS,0
NH,KY,179
NH,LA,0
NH,ME,4731
NH,MD,1065
NH,MA,11251
NH,MI,622
NH,MN,110
NH,MS,0
NH,MO,0
NH,MT,257
NH,NE,0
NH,NV,165
NH,NH,-1
NH,NJ,946
NH,NM,538
NH,NY,2474
NH,NC,1862
NH,ND,0
NH,OH,28
NH,OK,0
NH,OR,0
NH,PA,917
NH,RI,677
NH,SC,787
NH,SD,56
NH,TN,649
NH,TX,1166
NH,UT,269
NH,VT,2877
NH,VA,1464
NH,WA,580
NH,WV,0
NH,WI,251
NH,WY,335
NJ,AL,1213
NJ,AK,335
NJ,AZ,4084
NJ,AR,277
NJ,CA,11666
NJ,CO,1780
NJ,CT,4573
NJ,DE,6112
NJ,DC,2382
NJ,FL,30105
NJ,GA,9055
NJ,HI,24
NJ,ID,27
NJ,IL,3488
NJ,IN,2482
NJ,IA,20
NJ,KS,613
NJ,KY,114
NJ,LA,629
NJ,ME,389
NJ,MD,6333
NJ,MA,8026
NJ,MI,2313
NJ,MN,231
NJ,MS,154
NJ,MO,1628
NJ,MT,90
NJ,NE,255
NJ,NV,2179
NJ,NH,534
NJ,NJ,-1
NJ,NM,1021
NJ,NY,36401
NJ,NC,11947
NJ,ND,170
NJ,OH,3585
NJ,OK,390
NJ,OR,1143
NJ,PA,43726
NJ,RI,1038
NJ,SC,4921
NJ,SD,0
NJ,TN,2231
NJ,TX,5906
NJ,UT,646
NJ,VT,1343
NJ,VA,9605
NJ,WA,4488
NJ,WV,546
NJ,WI,1098
NJ,WY,5
NM,AL,58
NM,AK,489
NM,AZ,6866
NM,AR,214
NM,CA,3822
NM,CO,11444
NM,CT,0
NM,DE,30
NM,DC,0
NM,FL,2558
NM,GA,1619
NM,HI,122
NM,ID,181
NM,IL,1041
NM,IN,666
NM,IA,358
NM,KS,683
NM,KY,598
NM,LA,1235
NM,ME,97
NM,MD,1195
NM,MA,78
NM,MI,331
NM,MN,406
NM,MS,0
NM,MO,605
NM,MT,1118
NM,NE,455
NM,NV,2121
NM,NH,102
NM,NJ,0
NM,NM,-1
NM,NY,647
NM,NC,2306
NM,ND,1285
NM,OH,1148
NM,OK,1528
NM,OR,1440
NM,PA,1335
NM,RI,43
NM,SC,944
NM,SD,299
NM,TN,366
NM,TX,17670
NM,UT,1014
NM,VT,101
NM,VA,1394
NM,WA,1950
NM,WV,35
NM,WI,1950
NM,WY,512
NY,AL,3226
NY,AK,380
NY,AZ,5281
NY,AR,139
NY,CA,34848
NY,CO,6362
NY,CT,27361
NY,DE,2907
NY,DC,4642
NY,FL,63033
NY,GA,10754
NY,HI,1416
NY,ID,2943
NY,IL,8838
NY,IN,1512
NY,IA,438
NY,KS,1656
NY,KY,3283
NY,LA,2106
NY,ME,2909
NY,MD,8372
NY,MA,19960
NY,MI,6478
NY,MN,3536
NY,MS,1319
NY,MO,3210
NY,MT,183
NY,NE,770
NY,NV,2770
NY,NH,1276
NY,NJ,64810
NY,NM,1099
NY,NY,-1
NY,NC,25596
NY,ND,2105
NY,OH,9067
NY,OK,1221
NY,OR,2842
NY,PA,43048
NY,RI,3252
NY,SC,12721
NY,SD,359
NY,TN,5312
NY,TX,18925
NY,UT,3413
NY,VT,4535
NY,VA,17983
NY,WA,7539
NY,WV,640
NY,WI,1246
NY,WY,393
NC,AL,2224
NC,AK,1676
NC,AZ,6587
NC,AR,638
NC,CA,11400
NC,CO,6336
NC,CT,1145
NC,DE,586
NC,DC,1026
NC,FL,26708
NC,GA,16957
NC,HI,843
NC,ID,1331
NC,IL,4544
NC,IN,2589
NC,IA,502
NC,KS,1178
NC,KY,3796
NC,LA,813
NC,ME,1049
NC,MD,6582
NC,MA,3170
NC,MI,3767
NC,MN,1934
NC,MS,357
NC,MO,2432
NC,MT,372
NC,NE,1362
NC,NV,903
NC,NH,1714
NC,NJ,6359
NC,NM,405
NC,NY,9270
NC,NC,-1
NC,ND,179
NC,OH,5818
NC,OK,819
NC,OR,3570
NC,PA,7579
NC,RI,673
NC,SC,27734
NC,SD,188
NC,TN,9388
NC,TX,17954
NC,UT,767
NC,VT,266
NC,VA,23916
NC,WA,5432
NC,WV,1889
NC,WI,1853
NC,WY,367
ND,AL,0
ND,AK,210
ND,AZ,2169
ND,AR,225
ND,CA,1909
ND,CO,1118
ND,CT,0
ND,DE,167
ND,DC,0
ND,FL,1485
ND,GA,364
ND,HI,0
ND,ID,261
ND,IL,540
ND,IN,0
ND,IA,495
ND,KS,0
ND,KY,61
ND,LA,0
ND,ME,134
ND,MD,291
ND,MA,0
ND,MI,311
ND,MN,9793
ND,MS,71
ND,MO,190
ND,MT,1978
ND,NE,393
ND,NV,0
ND,NH,60
ND,NJ,288
ND,NM,205
ND,NY,294
ND,NC,177
ND,ND,-1
ND,OH,221
ND,OK,13
ND,OR,238
ND,PA,446
ND,RI,173
ND,SC,498
ND,SD,1986
ND,TN,285
ND,TX,2456
ND,UT,482
ND,VT,0
ND,VA,470
ND,WA,1414
ND,WV,0
ND,WI,414
ND,WY,721
OH,AL,1299
OH,AK,176
OH,AZ,6322
OH,AR,857
OH,CA,13999
OH,CO,3169
OH,CT,1410
OH,DE,446
OH,DC,1592
OH,FL,22452
OH,GA,6935
OH,HI,510
OH,ID,82
OH,IL,6423
OH,IN,14794
OH,IA,969
OH,KS,3377
OH,KY,15246
OH,LA,963
OH,ME,788
OH,MD,3098
OH,MA,1123
OH,MI,13625
OH,MN,1134
OH,MS,799
OH,MO,2286
OH,MT,733
OH,NE,771
OH,NV,1913
OH,NH,258
OH,NJ,4034
OH,NM,1090
OH,NY,5284
OH,NC,9431
OH,ND,139
OH,OH,-1
OH,OK,932
OH,OR,1390
OH,PA,12317
OH,RI,623
OH,SC,5784
OH,SD,0
OH,TN,6273
OH,TX,9600
OH,UT,1382
OH,VT,201
OH,VA,6308
OH,WA,3080
OH,WV,7299
OH,WI,3759
OH,WY,473
OK,AL,931
OK,AK,184
OK,AZ,2530
OK,AR,8490
OK,CA,4901
OK,CO,5956
OK,CT,172
OK,DE,0
OK,DC,0
OK,FL,3190
OK,GA,3297
OK,HI,1172
OK,ID,795
OK,IL,1041
OK,IN,1316
OK,IA,711
OK,KS,7757
OK,KY,1130
OK,LA,469
OK,ME,217
OK,MD,831
OK,MA,261
OK,MI,396
OK,MN,1111
OK,MS,413
OK,MO,4602
OK,MT,239
OK,NE,795
OK,NV,1304
OK,NH,79
OK,NJ,254
OK,NM,2159
OK,NY,1303
OK,NC,2034
OK,ND,1631
OK,OH,35
OK,OK,-1
OK,OR,700
OK,PA,1576
OK,RI,0
OK,SC,228
OK,SD,0
OK,TN,2130
OK,TX,24590
OK,UT,127
OK,VT,71
OK,VA,1778
OK,WA,3423
OK,WV,49
OK,WI,790
OK,WY,306
OR,AL,0
OR,AK,1896
OR,AZ,13697
OR,AR,254
OR,CA,24050
OR,CO,2890
OR,CT,642
OR,DE,0
OR,DC,80
OR,FL,3639
OR,GA,909
OR,HI,1615
OR,ID,4735
OR,IL,1112
OR,IN,1020
OR,IA,173
OR,KS,456
OR,KY,1044
OR,LA,609
OR,ME,181
OR,MD,916
OR,MA,1013
OR,MI,1265
OR,MN,974
OR,MS,55
OR,MO,546
OR,MT,3284
OR,NE,818
OR,NV,3113
OR,NH,230
OR,NJ,195
OR,NM,2009
OR,NY,1414
OR,NC,3066
OR,ND,399
OR,OH,1737
OR,OK,1595
OR,OR,-1
OR,PA,1451
OR,RI,87
OR,SC,748
OR,SD,37
OR,TN,2314
OR,TX,6457
OR,UT,5136
OR,VT,125
OR,VA,497
OR,WA,31642
OR,WV,135
OR,WI,1550
OR,WY,888
PA,AL,1771
PA,AK,111
PA,AZ,3692
PA,AR,860
PA,CA,11848
PA,CO,4701
PA,CT,3446
PA,DE,9991
PA,DC,1617
PA,FL,31712
PA,GA,4527
PA,HI,580
PA,ID,937
PA,IL,5261
PA,IN,2764
PA,IA,367
PA,KS,967
PA,KY,1908
PA,LA,687
PA,ME,1393
PA,MD,12461
PA,MA,6014
PA,MI,4263
PA,MN,1282
PA,MS,1071
PA,MO,1605
PA,MT,271
PA,NE,285
PA,NV,1559
PA,NH,1585
PA,NJ,24132
PA,NM,1086
PA,NY,19339
PA,NC,12058
PA,ND,733
PA,OH,16881
PA,OK,941
PA,OR,1107
PA,PA,-1
PA,RI,422
PA,SC,7040
PA,SD,194
PA,TN,2504
PA,TX,9143
PA,UT,1104
PA,VT,520
PA,VA,13013
PA,WA,3105
PA,WV,6291
PA,WI,1537
PA,WY,146
RI,AL,0
RI,AK,38
RI,AZ,323
RI,AR,0
RI,CA,1738
RI,CO,706
RI,CT,2136
RI,DE,187
RI,DC,87
RI,FL,4219
RI,GA,196
RI,HI,0
RI,ID,0
RI,IL,414
RI,IN,0
RI,IA,0
RI,KS,0
RI,KY,0
RI,LA,0
RI,ME,317
RI,MD,138
RI,MA,10630
RI,MI,42
RI,MN,202
RI,MS,0
RI,MO,40
RI,MT,0
RI,NE,70
RI,NV,88
RI,NH,864
RI,NJ,223
RI,NM,0
RI,NY,1362
RI,NC,1535
RI,ND,0
RI,OH,42
RI,OK,56
RI,OR,0
RI,PA,535
RI,RI,-1
RI,SC,1684
RI,SD,0
RI,TN,183
RI,TX,933
RI,UT,50
RI,VT,235
RI,VA,1810
RI,WA,225
RI,WV,0
RI,WI,27
RI,WY,88
SC,AL,1218
SC,AK,389
SC,AZ,2252
SC,AR,121
SC,CA,4896
SC,CO,3203
SC,CT,1811
SC,DE,470
SC,DC,408
SC,FL,15250
SC,GA,16328
SC,HI,1072
SC,ID,62
SC,IL,3542
SC,IN,2473
SC,IA,174
SC,KS,287
SC,KY,1440
SC,LA,1205
SC,ME,503
SC,MD,2515
SC,MA,1135
SC,MI,2627
SC,MN,151
SC,MS,658
SC,MO,2259
SC,MT,675
SC,NE,72
SC,NV,615
SC,NH,1027
SC,NJ,1242
SC,NM,1270
SC,NY,4457
SC,NC,26091
SC,ND,114
SC,OH,4605
SC,OK,803
SC,OR,817
SC,PA,3272
SC,RI,43
SC,SC,-1
SC,SD,612
SC,TN,6061
SC,TX,8806
SC,UT,246
SC,VT,178
SC,VA,8776
SC,WA,2025
SC,WV,2329
SC,WI,619
SC,WY,54
SD,AL,281
SD,AK,175
SD,AZ,913
SD,AR,146
SD,CA,1296
SD,CO,2176
SD,CT,0
SD,DE,0
SD,DC,0
SD,FL,3062
SD,GA,522
SD,HI,50
SD,ID,0
SD,IL,746
SD,IN,0
SD,IA,1664
SD,KS,381
SD,KY,132
SD,LA,291
SD,ME,71
SD,MD,154
SD,MA,52
SD,MI,354
SD,MN,3896
SD,MS,0
SD,MO,522
SD,MT,375
SD,NE,2753
SD,NV,3
SD,NH,0
SD,NJ,0
SD,NM,0
SD,NY,431
SD,NC,57
SD,ND,1225
SD,OH,134
SD,OK,302
SD,OR,354
SD,PA,455
SD,RI,0
SD,SC,200
SD,SD,-1
SD,TN,1722
SD,TX,1979
SD,UT,318
SD,VT,0
SD,VA,223
SD,WA,163
SD,WV,45
SD,WI,374
SD,WY,750
TN,AL,12228
TN,AK,171
TN,AZ,1291
TN,AR,5492
TN,CA,8060
TN,CO,1444
TN,CT,743
TN,DE,103
TN,DC,690
TN,FL,13285
TN,GA,18283
TN,HI,723
TN,ID,482
TN,IL,7084
TN,IN,5409
TN,IA,588
TN,KS,1159
TN,KY,12498
TN,LA,1561
TN,ME,583
TN,MD,1670
TN,MA,2139
TN,MI,4017
TN,MN,1220
TN,MS,10004
TN,MO,3153
TN,MT,240
TN,NE,920
TN,NV,837
TN,NH,246
TN,NJ,431
TN,NM,776
TN,NY,3144
TN,NC,7476
TN,ND,644
TN,OH,5467
TN,OK,2210
TN,OR,303
TN,PA,2566
TN,RI,0
TN,SC,5666
TN,SD,301
TN,TN,-1
TN,TX,12229
TN,UT,814
TN,VT,305
TN,VA,7963
TN,WA,2567
TN,WV,2631
TN,WI,1330
TN,WY,104
TX,AL,5719
TX,AK,2322
TX,AZ,20245
TX,AR,15531
TX,CA,37810
TX,CO,26930
TX,CT,4044
TX,DE,378
TX,DC,1036
TX,FL,24197
TX,GA,22746
TX,HI,4180
TX,ID,2605
TX,IL,13412
TX,IN,6321
TX,IA,3400
TX,KS,7554
TX,KY,6360
TX,LA,23588
TX,ME,2386
TX,MD,7408
TX,MA,4116
TX,MI,7873
TX,MN,4757
TX,MS,5853
TX,MO,10799
TX,MT,2198
TX,NE,6429
TX,NV,5129
TX,NH,786
TX,NJ,6504
TX,NM,14250
TX,NY,14708
TX,NC,18748
TX,ND,1098
TX,OH,8189
TX,OK,31551
TX,OR,5403
TX,PA,9760
TX,RI,960
TX,SC,5387
TX,SD,279
TX,TN,12046
TX,TX,-1
TX,UT,7528
TX,VT,427
TX,VA,14918
TX,WA,18425
TX,WV,516
TX,WI,3977
TX,WY,1354
UT,AL,79
UT,AK,410
UT,AZ,5828
UT,AR,712
UT,CA,9440
UT,CO,4833
UT,CT,1305
UT,DE,99
UT,DC,215
UT,FL,3558
UT,GA,1123
UT,HI,413
UT,ID,6626
UT,IL,2642
UT,IN,608
UT,IA,506
UT,KS,1170
UT,KY,1201
UT,LA,603
UT,ME,142
UT,MD,1852
UT,MA,466
UT,MI,599
UT,MN,626
UT,MS,468
UT,MO,2886
UT,MT,891
UT,NE,448
UT,NV,7133
UT,NH,31
UT,NJ,19
UT,NM,1199
UT,NY,364
UT,NC,1735
UT,ND,321
UT,OH,1922
UT,OK,1944
UT,OR,2512
UT,PA,2041
UT,RI,194
UT,SC,2112
UT,SD,76
UT,TN,1186
UT,TX,6287
UT,UT,-1
UT,VT,329
UT,VA,2847
UT,WA,7466
UT,WV,111
UT,WI,1252
UT,WY,911
VT,AL,0
VT,AK,5
VT,AZ,37
VT,AR,0
VT,CA,1641
VT,CO,1043
VT,CT,595
VT,DE,305
VT,DC,213
VT,FL,1723
VT,GA,431
VT,HI,0
VT,ID,64
VT,IL,76
VT,IN,30
VT,IA,0
VT,KS,0
VT,KY,0
VT,LA,0
VT,ME,997
VT,MD,44
VT,MA,1979
VT,MI,142
VT,MN,85
VT,MS,0
VT,MO,236
VT,MT,56
VT,NE,0
VT,NV,26
VT,NH,1725
VT,NJ,0
VT,NM,192
VT,NY,4072
VT,NC,1208
VT,ND,0
VT,OH,314
VT,OK,152
VT,OR,495
VT,PA,1002
VT,RI,134
VT,SC,439
VT,SD,0
VT,TN,77
VT,TX,569
VT,UT,0
VT,VT,-1
VT,VA,607
VT,WA,8
VT,WV,0
VT,WI,110
VT,WY,0
VA,AL,5221
VA,AK,654
VA,AZ,4956
VA,AR,900
VA,CA,17725
VA,CO,9260
VA,CT,2294
VA,DE,1458
VA,DC,7773
VA,FL,31798
VA,GA,6992
VA,HI,3987
VA,ID,804
VA,IL,4710
VA,IN,2453
VA,IA,298
VA,KS,1368
VA,KY,3673
VA,LA,1330
VA,ME,874
VA,MD,26522
VA,MA,4260
VA,MI,4095
VA,MN,810
VA,MS,695
VA,MO,3228
VA,MT,248
VA,NE,674
VA,NV,1616
VA,NH,836
VA,NJ,2011
VA,NM,987
VA,NY,9302
VA,NC,27843
VA,ND,132
VA,OH,6695
VA,OK,1352
VA,OR,1628
VA,PA,10010
VA,RI,1278
VA,SC,6507
VA,SD,157
VA,TN,8172
VA,TX,18731
VA,UT,1526
VA,VT,903
VA,VA,-1
VA,WA,5887
VA,WV,6646
VA,WI,869
VA,WY,197
WA,AL,2125
WA,AK,2558
WA,AZ,17560
WA,AR,1328
WA,CA,38007
WA,CO,6686
WA,CT,1062
WA,DE,0
WA,DC,387
WA,FL,9045
WA,GA,3520
WA,HI,4351
WA,ID,14955
WA,IL,2855
WA,IN,1192
WA,IA,1244
WA,KS,1064
WA,KY,1238
WA,LA,884
WA,ME,283
WA,MD,1881
WA,MA,2069
WA,MI,3169
WA,MN,5889
WA,MS,128
WA,MO,2521
WA,MT,5450
WA,NE,654
WA,NV,6231
WA,NH,198
WA,NJ,1507
WA,NM,2714
WA,NY,1962
WA,NC,6790
WA,ND,683
WA,OH,2032
WA,OK,1258
WA,OR,21672
WA,PA,3059
WA,RI,501
WA,SC,3842
WA,SD,567
WA,TN,3245
WA,TX,16855
WA,UT,8186
WA,VT,165
WA,VA,6404
WA,WA,-1
WA,WV,185
WA,WI,1938
WA,WY,373
WV,AL,176
WV,AK,0
WV,AZ,29
WV,AR,72
WV,CA,1246
WV,CO,238
WV,CT,181
WV,DE,124
WV,DC,294
WV,FL,5760
WV,GA,1277
WV,HI,0
WV,ID,154
WV,IL,869
WV,IN,477
WV,IA,0
WV,KS,90
WV,KY,3776
WV,LA,567
WV,ME,0
WV,MD,5422
WV,MA,115
WV,MI,115
WV,MN,0
WV,MS,285
WV,MO,59
WV,MT,0
WV,NE,41
WV,NV,0
WV,NH,0
WV,NJ,304
WV,NM,204
WV,NY,1126
WV,NC,4624
WV,ND,0
WV,OH,6260
WV,OK,0
WV,OR,185
WV,PA,5485
WV,RI,0
WV,SC,1299
WV,SD,0
WV,TN,1705
WV,TX,924
WV,UT,75
WV,VT,0
WV,VA,2423
WV,WA,182
WV,WV,-1
WV,WI,265
WV,WY,118
WI,AL,996
WI,AK,340
WI,AZ,7788
WI,AR,130
WI,CA,5364
WI,CO,3100
WI,CT,328
WI,DE,0
WI,DC,346
WI,FL,7573
WI,GA,2627
WI,HI,142
WI,ID,42
WI,IL,13965
WI,IN,3228
WI,IA,4333
WI,KS,948
WI,KY,935
WI,LA,407
WI,ME,102
WI,MD,1731
WI,MA,703
WI,MI,3613
WI,MN,15270
WI,MS,1243
WI,MO,1546
WI,MT,774
WI,NE,336
WI,NV,1151
WI,NH,198
WI,NJ,505
WI,NM,285
WI,NY,1935
WI,NC,1920
WI,ND,475
WI,OH,2778
WI,OK,392
WI,OR,419
WI,PA,1725
WI,RI,77
WI,SC,1643
WI,SD,37
WI,TN,1492
WI,TX,5844
WI,UT,1346
WI,VT,179
WI,VA,1631
WI,WA,3381
WI,WV,437
WI,WI,-1
WI,WY,29
WY,AL,74
WY,AK,192
WY,AZ,929
WY,AR,0
WY,CA,1526
WY,CO,1951
WY,CT,0
WY,DE,0
WY,DC,68
WY,FL,744
WY,GA,1339
WY,HI,178
WY,ID,856
WY,IL,93
WY,IN,1008
WY,IA,240
WY,KS,606
WY,KY,0
WY,LA,97
WY,ME,0
WY,MD,147
WY,MA,44
WY,MI,101
WY,MN,424
WY,MS,747
WY,MO,610
WY,MT,1949
WY,NE,960
WY,NV,791
WY,NH,0
WY,NJ,0
WY,NM,248
WY,NY,18
WY,NC,1046
WY,ND,290
WY,OH,75
WY,OK,641
WY,OR,1277
WY,PA,156
WY,RI,0
WY,SC,266
WY,SD,651
WY,TN,121
WY,TX,2327
WY,UT,1534
WY,VT,45
WY,VA,266
WY,WA,1237
WY,WV,0
WY,WI,206
WY,WY,-1